thread_id,sentiment_compound,text_clean,theme
1ny1tgl,-0.4019,i’m iphone 13 user. only had some slow gps problems when i deliberately turned wifi off,performance_reliability
1ny1tgl,0.0,often indicates an issue with the gps module (hardware),performance_reliability
1p8gdql,-0.6486,"""we've investigated ourselves and found no wrong doing.""",policy_strategy
1p8gdql,-0.5983,"we’ll all know how much full of shit the eu are, if the try to designate *fucking maps* a gatekeeper!",policy_strategy
1nrdnbo,-0.5859,to avoid severe weather,other
1nrdnbo,-0.5106,probably bc it avoids the severe weather,other
1p3y8za,-0.4039,"could be a lot of things. some times it is a image that doesn't have triangulation points added. this causes the image to be in the wrong location. this is usually caught in the qc process of the mosaic. if it is a location that is of high importance for a gov. they may ask for an area to not be displayed, how it is filled in is up to the person making it. they don't like to call attention to these areas so they are filled in.",other
1pmkddu,-0.4019,i have the same problem sometimes. it´s a bug,other
1o0kxzu,-0.4019,"hi i have the same problem here so after deleting my devices, when can i activate find my",other
1pmkddu,-0.3506,"it is weird to have the value rounded to the meter, but as your phone is in english, it is probably normal to have the full stop as decimal separator. so 43km and 111 meters.",other
1nkp0lc,-0.296,maybe do a little google search before a complaint post 😁,other
1nkp0lc,0.0,"the did, years ago. settings > apps > maps > directions > driving > compass",other
1ofa4am,-0.357,"explain what you mean by “i’ve adjusted home” siri uses the address marked as home in your contact card, not the favorite place marked home in maps",search_poi_data
1pw2eac,-0.0516,use this e-mail : maps_escalations@apple.com explain your problem. i recommend copying the link of the restaurant where the address is incorrect in apple maps on the web and pasting it into the email. this will facilitate your request.,search_poi_data
1psn4de,0.0,from experience somewhere between half an hour and *years*. how did you submit this new poi?,search_poi_data
1psn4de,0.0,"what country are you in? try adding additional photos and details in your next submission. if they still don’t add it after a week, send a report to maps_escalations@apple.com",search_poi_data
1nqbasa,0.1901,"not all places are visible, because then you wouldn’t see anything of the map. only frequently visited places like restaurants, gas stations, malls, supermarkets, etc. are shown on the map, but not most doctors, therapists, etc.",search_poi_data
1o8zgwh,0.2382,"as for that first point (the lag), yes this is definitely something that is occurring and something i can reproduce on multiple devices. apple stocks has a very similar ""page"" animation, but that has no lag at all. it's just something they need to work on, as well as the many other animations that don't work right. the second point is also something that i have noticed. the lag was surprising the first time i saw it, because it's so obvious. the sheet literally pauses as you swipe up. now, i know these are not show-stopping issues, but it's not very smooth and makes the phone feel much slower. i'm sure they'll try to fix them up over the course of ios 26, but who knows.",search_poi_data
1pw2eac,0.2732,besides what has been mentioned here i would also create a apple business connect account for the restaurant and claim the correct location. then you can change some of the info directly.,search_poi_data
1nqbasa,0.4215,"this is likely intentional. only popular locations show up. for example, schools don't appear for me. universities and colleges do.",search_poi_data
1nizmyv,-0.9725,"apple business connect just rejected my legitimate, verified business because my email address doesn't match my website domain. let that sink in. i run a 20+ year digital marketing agency. my business is verified. my domain ownership is verified (it literally says ""domain validation ✓ verified"" in my account). i submitted government id. everything checks out. but because i use a professional email on a different domain than my website - like millions of businesses do - apple says ""unable to add company. incorrect details."" their ""solution""? register with an email that matches your website domain. so apple is now dictating what email provider i can use? what about: * agencies managing client listings * businesses using google workspace or microsoft 365 * companies with multiple brands under one umbrella * anyone who's used the same business email for 20 years this isn't security. this is lazy verification that punishes legitimate businesses while doing nothing to stop actual fraud. a scammer can buy a $12 domain and matching email in 10 minutes. meanwhile, established businesses with real track records get locked out. google business profile doesn't pull this nonsense. bing places doesn't. only apple, in their infinite wisdom, decided email domain matching is the hill to die on. zero stars. fix your broken verification system, apple.",transit_walk_bike
1nizmyv,-0.8822,they are awful ! i swear they do not want to support small business. there are so many stipulations and weird tiny rules to being able to register your brand/business with apple business connect! why don’t they just actually give us the rules upfront so that we can follow them? i’ve been back-and-forth with them for two weeks trying to get my salon recognized so we can show up on apple maps etc. it’s absolutely ridiculous and shouldn’t be this hard.,transit_walk_bike
1njaine,-0.5423,# fuck off sea poo queen,transit_walk_bike
1njaine,0.0,zoom in. it isn’t more establishments?,transit_walk_bike
1ntrqgq,0.0,these icons are very old,transit_walk_bike
1ntrqgq,0.7003,"i hope this results on more people putting up their business here in europe, the dissonance between google/apple reported business is what makes me not able to uninstall google maps for good.",transit_walk_bike
