thread_id,theme,post_type,pain_bucket,pain_intensity,n_comments_scraped,comment_neg_rate,comment_pos_rate,post_sentiment,url,post_text_clean
1ofa4am,search_poi_data,other,critical,0.88236,1.0,1.0,0.0,-0.7059,https://www.reddit.com/r/applemaps/comments/1ofa4am/when_does_apple_maps_automatically_end_a_route/,"when does apple maps automatically end a route? i’ve adjusted home to take a parking space about a three minute walk away into consideration and when driving to my “adjusted” home, navi with stop while i still have about a one minute drive to go before my parking space. if i speak to siri to navigate “home”, maps ignores my preference for home and routes me to my front door constantly telling me to make a u turn while in my parking lot. also, all suggestions to get home are always a pin to my front door and not the home icon. lastly, when navigating to work, the route never ends, even when i’m in the building. i must actually tap end route to stop the navigation. what’s happening here?"
1nrdnbo,other,other,critical,0.79416,2.0,1.0,0.0,-0.4854,https://www.reddit.com/r/applemaps/comments/1nrdnbo/scenic_route_apple_maps/,scenic route apple maps seriously why would this be an option? this is an old screenshot i forgot about and there was storms but literally no reason to take this route
1nkp0lc,other,other,critical,0.61168,2.0,0.5,0.0,-0.7792,https://www.reddit.com/r/applemaps/comments/1nkp0lc/still_no_nsew/,"still no n/s/e/w? it's 2025, why can't apple add which direction you're going? this is so frustrating to me! i don't want to have to use google maps just for this. 😫"
1pmkddu,other,other,critical,0.6000000000000001,3.0,1.0,0.0,0.0,https://www.reddit.com/r/applemaps/comments/1pmkddu/jules_verne_option/,"jules verne option apple maps added an extra 43,000 km to our trip from eindhoven (netherlands) to the beach. probably selected the jules verne option. fixed 30 minutes later."
1nqbvtw,navigation_routing_traffic,comparison_discussion,critical,0.6000000000000001,1.0,1.0,0.0,0.0,https://www.reddit.com/r/applemaps/comments/1nqbvtw/traffico_apple_maps/,traffico apple maps se apple maps comprasse i dati del traffico da waze sarebbe imbattibile
1o0kxzu,other,experience_complaint,critical,0.6000000000000001,1.0,1.0,0.0,0.8677,https://www.reddit.com/r/applemaps/comments/1o0kxzu/fixing_the_most_annoying_apple_maps_bug_phantom/,"fixing the most annoying apple maps bug — phantom home locations this is a well documented bug elsewhere, so i won’t rehash it here. [here]( is one example out of many. a web search for the words “apple maps old home address” will show this is a pretty widespread issue and has been for multiple years. i have tried every single solution i could find on reddit or apple support and none of them worked. i even had an hour long conversation with an apple support technician, who was very nice, but was ultimately unable to help me. by sherlock, i stumbled into something that i think fixed it and since i have not seen this solution posted anywhere on the internet i thought i would share: # the solution: the crucial piece that all of the published solutions i could find was missing is turning off icloud maps syncing. you have to do this in addition to all the other solutions that you may have found that don’t actually work. make sure you have completely cleaned up your apple devices list by deleting them off of find my. this was part of my earlier unsuccessful attempts, but i believe it is necessary because it’s an icloud problem. i had previously had an old ipad and an old macbook air on there that i no longer use. that left me with just my iphone and my macbook pro. on the macbook pro, i just disabled icloud maps syncing and that fixed it for the macbook pro. no clue why all the other much more involved “solutions” didn’t do it but this did. on the iphone, it required a little more work. i turned off icloud maps syncing, cleared and disabled, significant locations & routes, reset locations & privacy, reset network settings (i suspect this may have been unnecessary, but i was getting desperate and whacking every possible option that i could try), uninstalled apple maps, turned off my phone, turned my phone back on, reinstalled apple maps. **note that after a few seconds to a minute, reinstalling apple maps will automatically turn on icloud apple maps syncing. turn this off again before opening apple maps.** now open apple maps and it doesn’t show my old home address that i have not lived in for five years. note that this was after trying literally everything i could find on the internet, including: deleting my contact card and creating a new one that didn’t have any addresses on it at all, removing every single email from my email inbox that had my old address so that siri wouldn’t find it, completely disabling siri suggestions, factory resetting the phone… everything i could find. hopefully this solution helps someone else out who is going similarly insane."
1p3y8za,other,bug_report,critical,0.6000000000000001,1.0,1.0,0.0,0.0,https://www.reddit.com/r/applemaps/comments/1p3y8za/a_bug_in_satellite_view_of_apple_maps_on_web/,a bug in satellite view of apple maps on web [
1p4a75e,navigation_routing_traffic,experience_praise,critical,0.52352,2.0,0.5,0.0,-0.5588,https://www.reddit.com/r/applemaps/comments/1p4a75e/how_does_apple_maps_decide_routes/,"how does apple maps decide routes? i was driving home from upstate new york today and to get home, there are 2 main bridges that i can cross the hudson river. gw bridge or cuomo bridge. both major bridges off the same highway (palisades). cuomo is much cheaper than the gw so i always opt for the cuomo. yet apple maps *always* routes me to the gw. i ignore it and take the path for the cuomo and it either is a shorter ride home (negligible less than 5 min) or the same. it’s not like taking the gw was much faster."
1p579o2,other,other,critical,0.5184,3.0,0.6666666666666666,0.0,-0.296,https://www.reddit.com/r/applemaps/comments/1p579o2/report_a_incident_and_native_ratings_missing_in/,report a incident and native ratings missing in australia i’ve noticed that the report incident button is missing in australia on apple maps and native ratings option i can see ratings an my history of ratings but can’t seem to edit or change my ratings and add photos is this a bug that happened in ios 26.1
1nhvktl,other,other,critical,0.48396000000000006,2.0,0.5,0.0,-0.4599,https://www.reddit.com/r/applemaps/comments/1nhvktl/anyone_else_have_this_problem/,"anyone else have this problem? maybe this is common and i’m just an idiot (sorry in advance if that’s the case) but i’ve been having a really weird issue with maps. it’s almost like they disagree with the route i choose so they put me on another one without telling me or asking with that prompt i usually see. today after leaving work, i chose my route home (less congested yes, but also avoids a road too small for my vehicle to fit), and apple maps for some reason suggests i use the fully red route instead of the fully blue one i need to take. i click the blue anyways and start my journey. i quickly realize i am on the wrong route. i am quickly smack dab in the middle of fully red traffic and i check maps— and yes, they changed my route. this was probably the fifth time it’s happened this month. my question is why? is this a new feature or a bug anyone else has experienced? why would they suggest a fully red route with a 30+minute increase in drive time, than the 15 minute route i actually have to take?"
1pg0jye,other,experience_complaint,critical,0.47503999999999996,4.0,0.25,0.0,-0.8126,https://www.reddit.com/r/applemaps/comments/1pg0jye/apple_maps_pronunciation_of_road_names_ios_26_uk/,"apple maps pronunciation of road names ios 26 / uk wrong i can't find much info about this other than ""i have the same problem"". apple maps pronounces road names wrong - sometimes. such as * ""whitehouse avenue"" becomes ""whitehousey avenue"". * ""saint johns road"" comes ""santa johnsa road"" i've tried changing voices, makes no difference. any ideas?"
1px4uw4,navigation_routing_traffic,bug_report,critical,0.46988,1.0,0.0,1.0,-0.6747,https://www.reddit.com/r/applemaps/comments/1px4uw4/bugs_in_apple_maps_on_tahoe/,"bugs in apple maps on tahoe? i just tried to plan some routes in apple maps on macos tahoe and i encountered these issues: * it seems no longer possible to right click on a location and select 'route from' or 'route to'; the only option is 'route'. this is annoying because i want to plan a route from a to b, both not my current location * i have a hard time replacing 'my location' in the route window with a location i select from the map. afaik this was possible on older versions. combined, these issues make it (almost?) impossible to plan a simple route from a to b. am i overlooking something?"
1pf2nvb,other,comparison_discussion,critical,0.4488571428571429,7.0,0.2857142857142857,0.42857142857142855,-0.765,https://www.reddit.com/r/applemaps/comments/1pf2nvb/google_maps_is_getting_bad_and_worse_than_apple/,google maps is getting bad and worse than apple maps.
1phjrkt,other,other,critical,0.43696,10.0,0.2,0.2,-0.8924,https://www.reddit.com/r/applemaps/comments/1phjrkt/without_an_apple_account_how_do_i_submit_a_error/,"without an apple account, how do i submit a error in apple maps? the street between ""1102 gardencrest ln, houston, tx, 77077"" and ""1150 enclave square w, houston tx, 77077"" is not a connecting street. a fence runs through where the street would connect, because these roads are in adjacent, but separate communities. i've tried to find a way to communicate this to the apple maps group, but i lack iphone, and apparently apple maps has changed or shutdown any kind of non-apple account holder from submitting issues to apple maps. this is creating a nearly daily scenario where some delivery driver enters one or the other community as their maps route them from one community into the other on this non-connecting street. it also complicates food deliveries, as the delivery drivers get stuck at the wrong gate, repeatedly typing in the wrong gate code, because apple maps routed them through one community to an address in the other community. how do i submit a proper bug to the apple maps group, assuming i don't own an apple device?"
1ny1tgl,performance_reliability,experience_complaint,critical,0.41600000000000004,3.0,0.3333333333333333,0.0,-0.54,https://www.reddit.com/r/applemaps/comments/1ny1tgl/apple_maps_and_iphone_13/,"apple maps and iphone 13 hello. i use apple maps on my iphone 13. when using walking navigation, it sometimes detects my location incorrectly, and i have to walk 30–40 meters before it corrects itself. do you think this problem is related to my phone or to apple maps? has anyone else experienced the same issue?"
1nizmyv,transit_walk_bike,experience_complaint,critical,0.40258666666666665,6.0,0.3333333333333333,0.16666666666666666,-0.5898,https://www.reddit.com/r/applemaps/comments/1nizmyv/apple_business_connect_is_awful/,"apple business connect is awful. can't verify my business for some reason it says my business license says it's older than a year.... yes the license lists all the years i've been in business since 2019 what an awful fucking portal cool so now my business is just listed as permanently closed on apple maps because we changed our name. shit sucks, really wish i didn't have to give this company any of my money"
1p3g8dz,other,experience_complaint,critical,0.4,4.0,0.75,0.25,0.3164,https://www.reddit.com/r/applemaps/comments/1p3g8dz/apple_maps_handles_reports_surprisingly_well/,"apple maps handles reports surprisingly well i haven’t seen another company do it like apple maps does it- when you report a problem they actually fix it, last week i reported a parking lot missing from the map and in the matter of a couple of days it was fixed, props to them!"
1nnydix,navigation_routing_traffic,comparison_discussion,critical,0.4,3.0,0.6666666666666666,0.0,0.4039,https://www.reddit.com/r/applemaps/comments/1nnydix/how_exactly_does_reporting_a_road_closure_work/,"how exactly does reporting a road closure work? i’m happy that ios 26 now allows us to report road closures, but i don’t really understand how this feature is supposed to work. in waze, when you report a road closure, you can indicate which road specifically is closed. in apple maps, i didn’t see the option to indicate that. does anyone know what’s the “correct” way of using this feature?"
1okasx1,other,experience_complaint,critical,0.3908523076923077,13.0,0.23076923076923078,0.3076923076923077,-0.7079,https://www.reddit.com/r/applemaps/comments/1okasx1/apple_maps_being_laggy_just_me/,"apple maps being laggy? just me? so i downloaded the update for ios 26, and for the most part everything is fine… except maps. i’ve noticed recently that it has been extraordinarily lagging whether i’m following directions, or it’s (trying to) follow my position while driving. it might go for a little bit the freeze on the map and not catch up to my location for like, half a mile or more. it’s annoying to not have directions on my car screen and rely on someone else to direct me. is anyone else having problems? using maps on iphone 13 through carplay, for reference."
1nyxgxe,other,other,critical,0.38769333333333333,3.0,0.0,0.6666666666666666,-0.6359,https://www.reddit.com/r/applemaps/comments/1nyxgxe/seoul/,seoul tried to look up a number of bar and restaurants in seoul and apple maps didn’t have them identified. i found them all on google maps. why is apple maps so bad in seoul?
1osy8u9,policy_strategy,policy_discussion,critical,0.36796000000000006,0.0,0.0,0.0,-0.9199,https://www.reddit.com/r/applemaps/comments/1osy8u9/apple_maps_horrible_underestimation_of_traffic_in/,"apple maps horrible underestimation of traffic in cities has anyone else had issues with apple maps underestimating the time traffic will take by several minutes? i’m guessing it’s mainly an issue in high traffic cities, but nearly every time i travel somewhere where the typical route has traffic, apple maps will suggest the high traffic route even if the traffic is outrageous. for example i could have a typical 15 minute drive, but during rush hour apple maps will say it will take ~20 minutes when in reality it takes about 40-50 because of accidents and traffic buildup that maps shows and is aware of (sometimes it won’t even show the traffic until i start my directions). now there is an alternative route that takes ~22 minutes with little to no traffic and maps will never default to this, despite it actually taking 22 minutes. my guess is that apple maps either is just simply getting the estimation wrong or they are somehow trying to veer people away from taking backroad routes and contesting those roads. i’ve tested this out on dozens of different routes and this is the case every single time. google maps on the other hand has been hit or miss and gets the traffic right about half of the time (but i don’t like using google maps interface). obviously if it’s a route i take normally, i know to take the alternative route but it’s a bit irritating when i’m not familiar with the route and get blindsided into sitting in 30+ minutes of traffic."
1n7peoo,policy_strategy,policy_discussion,critical,0.36544,0.0,0.0,0.0,-0.9136,https://www.reddit.com/r/applemaps/comments/1n7peoo/i_wish_apple_maps_would_add_an_emergency_feature/,i wish apple maps would add an emergency feature like google does terrible accident happened this evening in lisbon portugal (at least 15 dead after iconic tram derails). google put the location of the emergency on its map so you know why the roads are closed and which area to avoid. apple maps just shows the roads as “traffic jammed” (thick red line).
1psn4de,search_poi_data,other,critical,0.35968,2.0,0.0,0.0,-0.8992,https://www.reddit.com/r/applemaps/comments/1psn4de/how_long_does_it_usually_take_for_apple_maps_to/,"how long does it usually take for apple maps to add a location? so i recently noticed that the fire station of the local volunteer fire department is missing on apple maps, i submitted a missing location three times over the course of the last 3 months now and didn’t get any confirmation email or anything and the location is still missing so i wanted to ask whether any of you also submitted a missing location and how long it usually took?"
1oxpn80,policy_strategy,policy_discussion,critical,0.3532,0.0,0.0,0.0,-0.883,https://www.reddit.com/r/applemaps/comments/1oxpn80/how_do_i_stop_apple_maps_from_rerouting_while_im/,"how do i stop apple maps from rerouting while i'm driving? please read. is there a way to prevent apple maps from automatically rerouting my trips? this has become a genuinely dangerous problem for me. driving is already extremely stressful due to past accidents in which i was hit, and consequently hospitalized, by distracted drivers at high speeds on busy highways and interstates. because of these experiences, i intentionally choose low-traffic, non-highway routes, even if it adds significant time to my drive. lately, however, apple maps has been overriding my selected route while i’m already driving. i have “avoid highways” and “avoid tolls” enabled, but it still reroutes me, even when i’ve deliberately selected a low-traffic path. i’ve tried using “add stop” as a workaround, but the app still attempts to redirect me to alternate roads to those stops or through areas i’m trying to avoid. this behavior is extremely unsafe. is there any reliable way to disable automatic rerouting altogether?"
1ne1x07,ui_ux_carplay,other,critical,0.35308000000000006,0.0,0.0,0.0,-0.8827,https://www.reddit.com/r/applemaps/comments/1ne1x07/apple_maps_uk_satellite_view_update_worse/,apple maps uk satellite view update worse does anyone know what’s happening with the update to the satellite view in the uk? it appears to be updating around the country but far worse than it was before. in the image above shows where some has updated not at the top. the top is the old view and bottom of the screen is new satellite view. the shadows of buildings make it so hard to see what you’re looking at.
